<?xml version="1.0" encoding="UTF-8"?><rss version="2.0"
	xmlns:content="http://purl.org/rss/1.0/modules/content/"
	xmlns:wfw="http://wellformedweb.org/CommentAPI/"
	xmlns:dc="http://purl.org/dc/elements/1.1/"
	xmlns:atom="http://www.w3.org/2005/Atom"
	xmlns:sy="http://purl.org/rss/1.0/modules/syndication/"
	xmlns:slash="http://purl.org/rss/1.0/modules/slash/"
	>

<channel>
	<title>blog &#8211; TomBoby&#039;s</title>
	<atom:link href="https://tombobyreviews.github.io/items/category/blog/feed/" rel="self" type="application/rss+xml" />
	<link>https://tombobyreviews.github.io/items/</link>
	<description>TomBoby&#039;s Reviews: Your Go-To Guide for Top Products</description>
	<lastBuildDate>Fri, 03 Jan 2025 06:00:27 +0000</lastBuildDate>
	<language>en-US</language>
	<sy:updatePeriod>
	hourly	</sy:updatePeriod>
	<sy:updateFrequency>
	1	</sy:updateFrequency>
	<generator>https://wordpress.org/?v=6.7.1</generator>

<image>
	<url>https://tombobyreviews.github.io/items/wp-content/uploads/2024/12/android-chrome-512x512-1-150x150.png</url>
	<title>blog &#8211; TomBoby&#039;s</title>
	<link>https://tombobyreviews.github.io/items/</link>
	<width>32</width>
	<height>32</height>
</image> 
	<item>
		<title>4th of July photo thank you card ideas for 1st birthday little firecracker</title>
		<link>https://tombobyreviews.github.io/items/4th-of-july-photo-thank-you-card-ideas-for-1st-birthday-little-firecracker/</link>
		
		<dc:creator><![CDATA[admin]]></dc:creator>
		<pubDate>Fri, 03 Jan 2025 06:00:27 +0000</pubDate>
				<category><![CDATA[blog]]></category>
		<guid isPermaLink="false">https://tombobyreviews.github.io/items/4th-of-july-photo-thank-you-card-ideas-for-1st-birthday-little-firecracker/</guid>

					<description><![CDATA[4th of July photo thank you card ideas for 1st birthday little firecracker]]></description>
										<content:encoded><![CDATA[<h1>4th of July photo thank you card ideas for 1st birthday little firecracker</h1>
<p>
<img decoding="async" src="https://i0.wp.com/rlv.zcache.com/little_firecracker_4th_of_july_1st_birthday_photo_thank_you_card-r_vs7g9g_800.jpg"></p>
<p>
Capture the magic of your little firecracker&#8217;s 1st 4th of July birthday with our adorable photo thank you card! Personalize with a special photo and express your gratitude for the love and well-wishes.<br />
</p>
<h1><img src="https://s.w.org/images/core/emoji/15.0.3/72x72/1f449.png" alt="👉" class="wp-smiley" style="height: 1em; max-height: 1em;" /> <a href="https://www.youtube.com/redirect?q=https://www.zazzle.com/little_firecracker_4th_of_july_1st_birthday_photo_thank_you_card-256739485865885977?rf=238627982471231924">4th of July photo thank you card ideas for 1st birthday little firecracker</a></h1>
<p>
<b>&#8220;Little Firecracker 4th of July 1st Birthday Photo Thank You CardA Star-Spangled Celebration&#8221;</b></p>
<p><b>Introduction</b></p>
<p>As the echoes of Independence Day reverberate through the air, it&#8217;s time to express your gratitude to loved ones who witnessed the birth of your little firecracker. The Little Firecracker 4th of July 1st Birthday Photo Thank You Card is a patriotic canvas on which to capture the spirit of this momentous day and extend your heartfelt appreciation.</p>
<p><b>Unveiling the Patriotic Charm</b></p>
<p><b>Star-Studded Design</b></p>
<p>The card&#8217;s design is a testament to the festive spirit of the 4th of July. A vibrant blue background evokes the azure skies that adorn the nation. Scattered across the canvas are an array of stars, shimmering with a patriotic glow, mirroring the countless stars that adorn the American flag.</p>
<p><b>Fireworks of Gratitude</b></p>
<p>A burst of fireworks adorns the lower half of the card, a visual representation of the joy and celebration that accompany the birth of your little one. The vibrant colors of red, white, and blue dance across the page, reflecting the colors of the American flag and the festive atmosphere of Independence Day.</p>
<p><b>Personalized Photo Frame</b></p>
<p>At the heart of the card lies a dedicated space for your precious photograph, a window into the special moments captured on your child&#8217;s 1st birthday. This personalized touch transforms the card into a keepsake that will be cherished for years to come.</p>
<p><b>Crafting Your Heartfelt Message</b></p>
<p><b>Customizable Thank You Note</b></p>
<p>Beneath the photo frame, ample space is provided for you to express your heartfelt appreciation to those who shared in the joy of your child&#8217;s 1st birthday. The card&#8217;s interior provides a blank canvas on which you can pour out your gratitude, whether it be a brief and sincere &#8220;thank you&#8221; or an elaborate expression of your love and affection.</p>
<p><b>Thoughtful Typography</b></p>
<p>The card&#8217;s typography is both elegant and patriotic. The main heading, &#8220;Little Firecracker,&#8221; is emblazoned in bold letters, capturing the spirited nature of your child. Below, the phrase &#8220;1st Birthday Thank You&#8221; is written in a flowing script, adding a touch of grace and refinement.</p>
<p><b>Quality and Convenience</b></p>
<p><b>Premium Paper Stock</b></p>
<p>The Little Firecracker 4th of July 1st Birthday Photo Thank You Card is crafted from premium paper stock, ensuring a durable and high-quality finish. Its sturdy construction will withstand the test of time, preserving your precious memories for generations to come.</p>
<p><b>Envelopes Included</b></p>
<p>Each pack of thank you cards comes with matching envelopes, adorned with a subtle star-spangled design. These envelopes provide a polished and professional touch, ensuring that your thank you notes arrive in style.</p>
<p><b>ConclusionA Patriotic Expression of Gratitude</b></p>
<p>The Little Firecracker 4th of July 1st Birthday Photo Thank You Card is not just a thank you card; it&#8217;s a patriotic masterpiece that captures the spirit of this momentous occasion. With its vibrant design, customizable photo frame, and thoughtful typography, this card will convey your heartfelt gratitude with a touch of American pride. As you celebrate the birth of your little firecracker and the spirit of Independence Day, let this thank you card serve as a lasting reminder of the love and joy that surrounds your child.<br />
</p>
<h1><img src="https://s.w.org/images/core/emoji/15.0.3/72x72/1f449.png" alt="👉" class="wp-smiley" style="height: 1em; max-height: 1em;" /> <a href="https://www.youtube.com/redirect?q=https://www.zazzle.com/little_firecracker_4th_of_july_1st_birthday_photo_thank_you_card-256739485865885977?rf=238627982471231924">4th of July photo thank you card ideas for 1st birthday little firecracker</a></h1>
<p></p>
<table>
<thead>
<tr>
<th>Item Specifics</th>
<th>Value</th>
</tr>
</thead>
<tbody>
<tr>
<td>Occasion</td>
<td>Thank You</td>
</tr>
<tr>
<td>Theme</td>
<td>4th of July</td>
</tr>
<tr>
<td>Type</td>
<td>Photo Card</td>
</tr>
<tr>
<td>Brand</td>
<td>Little Firecracker</td>
</tr>
<tr>
<td>Country/Region of Manufacture</td>
<td>United States</td>
</tr>
<tr>
<td>Color</td>
<td>Red, White, Blue</td>
</tr>
<tr>
<td>Size</td>
<td>6&#8243; x 4&#8243;</td>
</tr>
</tbody>
</table>
<p></p>
]]></content:encoded>
					
		
		
			</item>
		<item>
		<title>Unique Handmade Red and Blue Gingerbread House Happy Birthday Greeting Card for Special Occasions</title>
		<link>https://tombobyreviews.github.io/items/unique-handmade-red-and-blue-gingerbread-house-happy-birthday-greeting-card-for-special-occasions/</link>
		
		<dc:creator><![CDATA[admin]]></dc:creator>
		<pubDate>Fri, 03 Jan 2025 05:30:22 +0000</pubDate>
				<category><![CDATA[blog]]></category>
		<guid isPermaLink="false">https://tombobyreviews.github.io/items/unique-handmade-red-and-blue-gingerbread-house-happy-birthday-greeting-card-for-special-occasions/</guid>

					<description><![CDATA[Unique Handmade Red and Blue Gingerbread House Happy Birthday Greeting Card for Special Occasions]]></description>
										<content:encoded><![CDATA[<h1>Unique Handmade Red and Blue Gingerbread House Happy Birthday Greeting Card for Special Occasions</h1>
<p>
<b>Unique Handmade Red and Blue Gingerbread House Happy Birthday Greeting Card for Special Occasions</b><br />
<img decoding="async" src="https://i0.wp.com/rlv.zcache.com/gingerbread_house_red_and_blue_happy_birthday_card-r_ickt8d_800.jpg"></p>
<p>Celebrate birthdays with a unique and festive gingerbread house card, adorned with vibrant red and blue hues. Send warm birthday greetings with this whimsical and unforgettable card, perfect for all ages.<br />
<br />
<img decoding="async" src="https://i0.wp.com/rlv.zcache.com/gingerbread_house_red_and_blue_happy_birthday_card-r_ickt8d_800.jpg"><br />
</p>
<h1><img src="https://s.w.org/images/core/emoji/15.0.3/72x72/1f449.png" alt="👉" class="wp-smiley" style="height: 1em; max-height: 1em;" /> <a href="https://www.youtube.com/redirect?q=https://www.zazzle.com/gingerbread_house_red_and_blue_happy_birthday_card-256718635850649335?rf=238627982471231924">Unique Handmade Red and Blue Gingerbread House Happy Birthday Greeting Card for Special Occasions</a></h1>
<p>
<b>A Sweet and Personal Way to Say Happy BirthdayThe Gingerbread House Red and Blue Happy Birthday Card</b></p>
<p><b>Introduction</b></p>
<p>When it comes to celebrating a birthday, a thoughtful and personalized card can make all the difference. The Gingerbread House Red and Blue Happy Birthday Card is a delightful choice for anyone who loves the magic and charm of the holiday season. With its intricate gingerbread house design and warm, festive colors, this card is sure to bring a smile to the recipient&#8217;s face.</p>
<p><b>Exceptional Design and Quality</b></p>
<p>The Gingerbread House Red and Blue Happy Birthday Card is a masterpiece of craftsmanship. The intricate details of the gingerbread house, from the candy-striped roof to the miniature gumdrops and sprinkles, are lovingly rendered. The card is made from high-quality, thick paper stock, ensuring that it will stand the test of time as a cherished keepsake.</p>
<p><b>Intricate Gingerbread House Design</b></p>
<p>The centerpiece of the card is the stunning gingerbread house. The design is incredibly detailed, with each window, door, and roof shingle carefully drawn and painted. The candy-striped roof and colorful gumdrops add a whimsical touch, making the card perfect for birthdays of all ages.</p>
<p><b>Vibrant and Festive Colors</b></p>
<p>The Gingerbread House Red and Blue Happy Birthday Card features a vibrant color scheme of red, blue, and white. The bright red background creates a festive atmosphere, while the blue gingerbread house stands out as the focal point. The white accents, such as the snow on the roof and the frosting on the windows, add a touch of elegance and charm.</p>
<p><b>Personalized Touch</b></p>
<p>One of the most special features of the Gingerbread House Red and Blue Happy Birthday Card is the ability to personalize it with a handwritten message. The inside of the card is blank, providing ample space for you to express your heartfelt wishes and birthday greetings. Whether you choose to write a short and sweet note or a longer, more heartfelt message, your words will be cherished by the recipient.</p>
<p><b>Space for a Personal Message</b></p>
<p>The blank interior of the card allows you to customize your message to perfection. You can write a funny joke, share a special memory, or simply express your love and well wishes. The ample space ensures that you have plenty of room to let your creativity flow.</p>
<p><b>Handwritten Sentiments Add Meaning</b></p>
<p>A handwritten message adds a personal touch that no pre-printed greeting can match. When you take the time to write your own words, the recipient knows that you care enough to put in the extra effort. A handwritten message makes the card a truly special and meaningful keepsake.</p>
<p><b>Versatile for All Ages and Occasions</b></p>
<p>The Gingerbread House Red and Blue Happy Birthday Card is perfect for birthdays of all ages, from young children to adults. The whimsical design and festive colors make it appropriate for both formal and casual celebrations. Whether you&#8217;re celebrating a milestone birthday or simply sending a thoughtful greeting, this card is sure to be appreciated.</p>
<p><b>Suitable for All Ages</b></p>
<p>The gingerbread house design has a timeless appeal that resonates with people of all ages. Children will be delighted by the bright colors and playful details, while adults will appreciate the intricate craftsmanship and nostalgic charm.</p>
<p><b>Perfect for Any Birthday Celebration</b></p>
<p>From intimate gatherings to grand parties, the Gingerbread House Red and Blue Happy Birthday Card is a versatile choice for any birthday celebration. Its festive design and personalized touch make it a thoughtful and memorable gift for any occasion.</p>
<p><b>Conclusion</b></p>
<p>The Gingerbread House Red and Blue Happy Birthday Card is a delightful and memorable way to celebrate a birthday. With its intricate gingerbread house design, vibrant colors, and personalized touch, this card is sure to bring a smile to the recipient&#8217;s face. Whether you&#8217;re looking for a card for a child or an adult, for a formal or casual celebration, the Gingerbread House Red and Blue Happy Birthday Card is the perfect choice.</p>
<p>
★★★★★ &#8220;Absolutely adorable card! The detailed gingerbread house design and festive colors made it a perfect birthday card for my niece.&#8221;</p>
<p>★★★★★ &#8220;Love the vibrant red and blue scheme! The intricate details of the card made it stand out from the usual birthday cards.&#8221;</p>
<p>★★★★★ &#8220;My friend is a big fan of gingerbread houses, so this card was a huge hit. The quality of the paper and printing was exceptional.&#8221;</p>
<p>★★★★★ &#8220;Such a unique and eye-catching card! The birthday message was simple but heartwarming, and the overall design was simply stunning.&#8221;</p>
<p>★★★★★ &#8220;Highly recommend this card for any gingerbread house enthusiast. The craftsmanship and attention to detail are top-notch.&#8221;</p>
<p>★★★★★ &#8220;The personalization option made this card even more special. My daughter&#8217;s name on the front of the card made it extra meaningful.&#8221;</p>
<p>★★★★★ &#8220;The card arrived promptly and well-packaged. The design and colors are even more beautiful in person.&#8221;</p>
<p>★★★★★ &#8220;This card is a cheerful and festive way to celebrate a birthday. The bright colors and whimsical design will definitely bring a smile to anyone&#8217;s face.&#8221;</p>
<p>★★★★★ &#8220;The quality of the cardstock is excellent, and the printing is crisp and clear. It&#8217;s sure to be a cherished keepsake.&#8221;</p>
<p>★★★★★ &#8220;I bought this card for my best friend&#8217;s birthday, and she absolutely loved it! The gingerbread house design was so cute and festive.&#8221;<br /></p>
]]></content:encoded>
					
		
		
			</item>
		<item>
		<title>Best Christmas Secret Santa gift exchange invitations for office parties under $10</title>
		<link>https://tombobyreviews.github.io/items/best-christmas-secret-santa-gift-exchange-invitations-for-office-parties-under-10/</link>
		
		<dc:creator><![CDATA[admin]]></dc:creator>
		<pubDate>Fri, 03 Jan 2025 05:00:23 +0000</pubDate>
				<category><![CDATA[blog]]></category>
		<guid isPermaLink="false">https://tombobyreviews.github.io/items/best-christmas-secret-santa-gift-exchange-invitations-for-office-parties-under-10/</guid>

					<description><![CDATA[ Best Christmas Secret Santa gift exchange invitations for office parties under $10]]></description>
										<content:encoded><![CDATA[<h1> Best Christmas Secret Santa gift exchange invitations for office parties under $10</h1>
<p>
<img decoding="async" src="https://i0.wp.com/rlv.zcache.com/christmas_holiday_secret_santa_gift_exchange_party_invitation-r_vsw1nd_800.jpg"><br />
<br />
Unlock the magic of Christmas with our unforgettable Secret Santa Gift Exchange Party! Join us for a night of festive cheer, surprises, and laughter. RSVP today for an unforgettable holiday gathering.</p>
<h1><img src="https://s.w.org/images/core/emoji/15.0.3/72x72/1f449.png" alt="👉" class="wp-smiley" style="height: 1em; max-height: 1em;" /> <a href="https://www.youtube.com/redirect?q=https://www.zazzle.com/christmas_holiday_secret_santa_gift_exchange_party_invitation-256250508417703926?rf=238627982471231924"> Best Christmas Secret Santa gift exchange invitations for office parties under $10</a></h1>
<p>
## Christmas Holiday Secret Santa Gift Exchange Party InvitationA Comprehensive Review</p>
<p>### A Festive Invitation to Spread Holiday Cheer</p>
<p>As the winter season approaches, the spirit of giving and merriment fills the air. It&#8217;s time to gather loved ones and embrace the festive cheer with a Secret Santa gift exchange party. The &#8220;Christmas Holiday Secret Santa Gift Exchange Party Invitation&#8221; is an enchanting invitation that sets the tone for a memorable holiday celebration.</p>
<p>### Invitation DesignA Festive Canvas for Holiday Memories</p>
<p>The invitation boasts a vibrant and festive design that captures the essence of the holiday season. A warm, crimson background adorned with intricate snowflakes creates an inviting ambiance. The text is elegantly presented in a classic white font, exuding a touch of sophistication.</p>
<p>### Essential InformationClearly Outlined for Guests&#8217; Convenience</p>
<p>The invitation provides all the essential information guests need to attend the party seamlessly. It prominently displays the date, time, and location of the event, ensuring guests can effortlessly mark their calendars. RSVP details are also included, allowing guests to promptly confirm their attendance.</p>
<p>### Instructions for the Gift ExchangeFostering Holiday Spirit</p>
<p>The invitation lays out clear instructions for the Secret Santa gift exchange, ensuring a smooth and enjoyable experience for all participants. It specifies the gift budget and provides guidance on the type of gifts suitable for the occasion.</p>
<p>### Festive DetailsSetting the Ambiance for a Magical Evening</p>
<p>Beyond the essential details, the invitation also includes thoughtful festive touches that enhance the overall experience. It suggests festive attire, encouraging guests to embrace the holiday spirit. Additionally, it mentions the availability of holiday-themed snacks and beverages, creating an atmosphere of indulgence and camaraderie.</p>
<p>### RSVP DetailsEnsuring Efficient Guest Management</p>
<p>The invitation concludes with a clear call to action for guests to RSVP by a specified date. This allows the party host to finalize arrangements and ensure a well-organized event. It also provides guests with ample time to plan their attendance and prepare their gifts.</p>
<p>### ConclusionA Festive Invitation for a Memorable Holiday Celebration</p>
<p>The &#8220;Christmas Holiday Secret Santa Gift Exchange Party Invitation&#8221; is an exceptional invitation that captures the spirit of the holiday season. Its festive design, clear instructions, and thoughtful details contribute to creating a memorable and enjoyable event for all attendees. Whether for intimate gatherings or larger celebrations, this invitation sets the stage for a magical Christmas experience.</p>
<p>1. <img src="https://s.w.org/images/core/emoji/15.0.3/72x72/1f31f.png" alt="🌟" class="wp-smiley" style="height: 1em; max-height: 1em;" /><img src="https://s.w.org/images/core/emoji/15.0.3/72x72/1f31f.png" alt="🌟" class="wp-smiley" style="height: 1em; max-height: 1em;" /><img src="https://s.w.org/images/core/emoji/15.0.3/72x72/1f31f.png" alt="🌟" class="wp-smiley" style="height: 1em; max-height: 1em;" /><img src="https://s.w.org/images/core/emoji/15.0.3/72x72/1f31f.png" alt="🌟" class="wp-smiley" style="height: 1em; max-height: 1em;" /><img src="https://s.w.org/images/core/emoji/15.0.3/72x72/1f31f.png" alt="🌟" class="wp-smiley" style="height: 1em; max-height: 1em;" /> &#8220;Perfect invitation for a festive Secret Santa party! The design is adorable and the details are well-thought-out.&#8221;</p>
<p>2. <img src="https://s.w.org/images/core/emoji/15.0.3/72x72/1f31f.png" alt="🌟" class="wp-smiley" style="height: 1em; max-height: 1em;" /><img src="https://s.w.org/images/core/emoji/15.0.3/72x72/1f31f.png" alt="🌟" class="wp-smiley" style="height: 1em; max-height: 1em;" /><img src="https://s.w.org/images/core/emoji/15.0.3/72x72/1f31f.png" alt="🌟" class="wp-smiley" style="height: 1em; max-height: 1em;" /><img src="https://s.w.org/images/core/emoji/15.0.3/72x72/1f31f.png" alt="🌟" class="wp-smiley" style="height: 1em; max-height: 1em;" /><img src="https://s.w.org/images/core/emoji/15.0.3/72x72/1f31f.png" alt="🌟" class="wp-smiley" style="height: 1em; max-height: 1em;" /> &#8220;These invitations set the tone for a memorable holiday party. The whimsical illustrations and festive colors are eye-catching.&#8221;</p>
<p>3. <img src="https://s.w.org/images/core/emoji/15.0.3/72x72/1f31f.png" alt="🌟" class="wp-smiley" style="height: 1em; max-height: 1em;" /><img src="https://s.w.org/images/core/emoji/15.0.3/72x72/1f31f.png" alt="🌟" class="wp-smiley" style="height: 1em; max-height: 1em;" /><img src="https://s.w.org/images/core/emoji/15.0.3/72x72/1f31f.png" alt="🌟" class="wp-smiley" style="height: 1em; max-height: 1em;" /><img src="https://s.w.org/images/core/emoji/15.0.3/72x72/1f31f.png" alt="🌟" class="wp-smiley" style="height: 1em; max-height: 1em;" /><img src="https://s.w.org/images/core/emoji/15.0.3/72x72/1f31f.png" alt="🌟" class="wp-smiley" style="height: 1em; max-height: 1em;" /> &#8220;Excellent quality invitations that arrived promptly. The paper is sturdy and the printing is vibrant.&#8221;</p>
<p>4. <img src="https://s.w.org/images/core/emoji/15.0.3/72x72/1f31f.png" alt="🌟" class="wp-smiley" style="height: 1em; max-height: 1em;" /><img src="https://s.w.org/images/core/emoji/15.0.3/72x72/1f31f.png" alt="🌟" class="wp-smiley" style="height: 1em; max-height: 1em;" /><img src="https://s.w.org/images/core/emoji/15.0.3/72x72/1f31f.png" alt="🌟" class="wp-smiley" style="height: 1em; max-height: 1em;" /><img src="https://s.w.org/images/core/emoji/15.0.3/72x72/1f31f.png" alt="🌟" class="wp-smiley" style="height: 1em; max-height: 1em;" /><img src="https://s.w.org/images/core/emoji/15.0.3/72x72/1f31f.png" alt="🌟" class="wp-smiley" style="height: 1em; max-height: 1em;" /> &#8220;Highly recommend these invitations! They&#8217;re easy to customize and the online tool is user-friendly.&#8221;</p>
<p>5. <img src="https://s.w.org/images/core/emoji/15.0.3/72x72/1f31f.png" alt="🌟" class="wp-smiley" style="height: 1em; max-height: 1em;" /><img src="https://s.w.org/images/core/emoji/15.0.3/72x72/1f31f.png" alt="🌟" class="wp-smiley" style="height: 1em; max-height: 1em;" /><img src="https://s.w.org/images/core/emoji/15.0.3/72x72/1f31f.png" alt="🌟" class="wp-smiley" style="height: 1em; max-height: 1em;" /><img src="https://s.w.org/images/core/emoji/15.0.3/72x72/1f31f.png" alt="🌟" class="wp-smiley" style="height: 1em; max-height: 1em;" /><img src="https://s.w.org/images/core/emoji/15.0.3/72x72/1f31f.png" alt="🌟" class="wp-smiley" style="height: 1em; max-height: 1em;" /> &#8220;These invitations captured the spirit of Christmas perfectly. Our guests loved receiving them and couldn&#8217;t wait to join the fun.&#8221;</p>
<p>6. <img src="https://s.w.org/images/core/emoji/15.0.3/72x72/1f31f.png" alt="🌟" class="wp-smiley" style="height: 1em; max-height: 1em;" /><img src="https://s.w.org/images/core/emoji/15.0.3/72x72/1f31f.png" alt="🌟" class="wp-smiley" style="height: 1em; max-height: 1em;" /><img src="https://s.w.org/images/core/emoji/15.0.3/72x72/1f31f.png" alt="🌟" class="wp-smiley" style="height: 1em; max-height: 1em;" /><img src="https://s.w.org/images/core/emoji/15.0.3/72x72/1f31f.png" alt="🌟" class="wp-smiley" style="height: 1em; max-height: 1em;" /><img src="https://s.w.org/images/core/emoji/15.0.3/72x72/1f31f.png" alt="🌟" class="wp-smiley" style="height: 1em; max-height: 1em;" /> &#8220;A fantastic way to spread holiday cheer. The invitations added an extra touch of excitement to our Secret Santa party.&#8221;</p>
<p>7. <img src="https://s.w.org/images/core/emoji/15.0.3/72x72/1f31f.png" alt="🌟" class="wp-smiley" style="height: 1em; max-height: 1em;" /><img src="https://s.w.org/images/core/emoji/15.0.3/72x72/1f31f.png" alt="🌟" class="wp-smiley" style="height: 1em; max-height: 1em;" /><img src="https://s.w.org/images/core/emoji/15.0.3/72x72/1f31f.png" alt="🌟" class="wp-smiley" style="height: 1em; max-height: 1em;" /><img src="https://s.w.org/images/core/emoji/15.0.3/72x72/1f31f.png" alt="🌟" class="wp-smiley" style="height: 1em; max-height: 1em;" /><img src="https://s.w.org/images/core/emoji/15.0.3/72x72/1f31f.png" alt="🌟" class="wp-smiley" style="height: 1em; max-height: 1em;" /> &#8220;Well worth the price. The invitations exceeded our expectations and made our party even more special.&#8221;</p>
<p>8. <img src="https://s.w.org/images/core/emoji/15.0.3/72x72/1f31f.png" alt="🌟" class="wp-smiley" style="height: 1em; max-height: 1em;" /><img src="https://s.w.org/images/core/emoji/15.0.3/72x72/1f31f.png" alt="🌟" class="wp-smiley" style="height: 1em; max-height: 1em;" /><img src="https://s.w.org/images/core/emoji/15.0.3/72x72/1f31f.png" alt="🌟" class="wp-smiley" style="height: 1em; max-height: 1em;" /><img src="https://s.w.org/images/core/emoji/15.0.3/72x72/1f31f.png" alt="🌟" class="wp-smiley" style="height: 1em; max-height: 1em;" /><img src="https://s.w.org/images/core/emoji/15.0.3/72x72/1f31f.png" alt="🌟" class="wp-smiley" style="height: 1em; max-height: 1em;" /> &#8220;Perfect for any age group. The invitations are festive and appropriate for both kids and adults.&#8221;</p>
<p>9. <img src="https://s.w.org/images/core/emoji/15.0.3/72x72/1f31f.png" alt="🌟" class="wp-smiley" style="height: 1em; max-height: 1em;" /><img src="https://s.w.org/images/core/emoji/15.0.3/72x72/1f31f.png" alt="🌟" class="wp-smiley" style="height: 1em; max-height: 1em;" /><img src="https://s.w.org/images/core/emoji/15.0.3/72x72/1f31f.png" alt="🌟" class="wp-smiley" style="height: 1em; max-height: 1em;" /><img src="https://s.w.org/images/core/emoji/15.0.3/72x72/1f31f.png" alt="🌟" class="wp-smiley" style="height: 1em; max-height: 1em;" /><img src="https://s.w.org/images/core/emoji/15.0.3/72x72/1f31f.png" alt="🌟" class="wp-smiley" style="height: 1em; max-height: 1em;" /> &#8220;Professional and eye-catching invitations that made our party a huge success.&#8221;</p>
<p>10. <img src="https://s.w.org/images/core/emoji/15.0.3/72x72/1f31f.png" alt="🌟" class="wp-smiley" style="height: 1em; max-height: 1em;" /><img src="https://s.w.org/images/core/emoji/15.0.3/72x72/1f31f.png" alt="🌟" class="wp-smiley" style="height: 1em; max-height: 1em;" /><img src="https://s.w.org/images/core/emoji/15.0.3/72x72/1f31f.png" alt="🌟" class="wp-smiley" style="height: 1em; max-height: 1em;" /><img src="https://s.w.org/images/core/emoji/15.0.3/72x72/1f31f.png" alt="🌟" class="wp-smiley" style="height: 1em; max-height: 1em;" /><img src="https://s.w.org/images/core/emoji/15.0.3/72x72/1f31f.png" alt="🌟" class="wp-smiley" style="height: 1em; max-height: 1em;" /> &#8220;The invitations were the talk of the town! They&#8217;re a wonderful way to invite friends and family to share in the holiday spirit.&#8221;<br /></p>
]]></content:encoded>
					
		
		
			</item>
		<item>
		<title>Nostalgic Easter greetings for collectors of vintage ephemera</title>
		<link>https://tombobyreviews.github.io/items/nostalgic-easter-greetings-for-collectors-of-vintage-ephemera/</link>
		
		<dc:creator><![CDATA[admin]]></dc:creator>
		<pubDate>Fri, 03 Jan 2025 04:30:20 +0000</pubDate>
				<category><![CDATA[blog]]></category>
		<guid isPermaLink="false">https://tombobyreviews.github.io/items/nostalgic-easter-greetings-for-collectors-of-vintage-ephemera/</guid>

					<description><![CDATA[ Nostalgic Easter greetings for collectors of vintage ephemera]]></description>
										<content:encoded><![CDATA[<h1> Nostalgic Easter greetings for collectors of vintage ephemera</h1>
<p>
<b> Nostalgic Easter greetings for collectors of vintage ephemera</b><br />
<img decoding="async" src="https://i0.wp.com/rlv.zcache.com/vintage_easter_greeting_card-re65ee54fab804ea1a184cfb870c84c14_udffh_800.jpg"></p>
<p>Indulge in the nostalgic charm of our Vintage Easter Greeting Cards! Celebrate the holiday with classic imagery, sentimental messages, and exquisite designs. Browse our collection of heartfelt greetings to warm the hearts of loved ones this Easter.<br />
<br />
<img decoding="async" src="https://i0.wp.com/rlv.zcache.com/vintage_easter_greeting_card-re65ee54fab804ea1a184cfb870c84c14_udffh_800.jpg"><br />
</p>
<h1><img src="https://s.w.org/images/core/emoji/15.0.3/72x72/1f449.png" alt="👉" class="wp-smiley" style="height: 1em; max-height: 1em;" /> <a href="https://www.youtube.com/redirect?q=https://www.zazzle.com/vintage_easter_greeting_card-137890396335602638?rf=238627982471231924"> Nostalgic Easter greetings for collectors of vintage ephemera</a></h1>
<p>
<b>Vintage Easter Greeting CardA Timeless Treasure Embodying Nostalgic Charm</b></p>
<p>The allure of vintage Easter greeting cards lies in their ability to evoke a sense of nostalgia and capture the essence of a bygone era. These cherished keepsakes serve as tangible reminders of simpler times, transporting us back to a world where traditions held sway and heartfelt sentiments were expressed through the written word. Embodying the spirit of Easter, vintage greeting cards exude a timeless charm that resonates with collectors and enthusiasts alike.</p>
<p><b>Exploring the Artistic Merit and Historical Significance</b></p>
<p>Vintage Easter greeting cards stand as testaments to the artistic prowess of their creators. From intricate Victorian-era designs to Art Deco-inspired motifs, these cards showcase the prevailing artistic styles of their respective times. Pastel hues, delicate watercolours, and elaborate embellishments combine to create visually stunning compositions that delight the eye.</p>
<p>Beyond their aesthetic appeal, vintage Easter greeting cards hold historical significance. They offer a glimpse into the social and cultural norms of the past, reflecting the values and beliefs of the people who exchanged them. The religious symbolism and Easter-themed imagery found on these cards reflect the importance of this holiday in shaping traditions and customs.</p>
<p><b>A Journey Through TimeNotable Examples of Vintage Easter Greetings</b></p>
<p>The world of vintage Easter greeting cards is a diverse and captivating one, with countless examples showcasing the ingenuity of card designers. Here are a few notable examples that exemplify the charm and diversity of this genre</p>
<p>&#8211; **Victorian-Era Easter Card with Cherubs and Lambs**This card features a heartwarming depiction of cherubic figures frolicking with adorable lambs, surrounded by delicate floral accents. The intricate lacework and gold leaf embellishments add a touch of elegance, capturing the whimsical and sentimental spirit of the Victorian era.</p>
<p>&#8211; **Art Deco-Inspired Easter Card with Streamlined Designs**This card showcases the sleek and sophisticated lines of the Art Deco movement. Geometric shapes, vibrant colours, and metallic accents create a striking visual impact that reflects the modern and glamorous aesthetics of the 1920s.</p>
<p>&#8211; **Mid-Century Easter Card with Pastel Bunnies and Eggs**This card embraces the optimistic and playful spirit of the mid-century era. Pastel-coloured bunnies, oversized Easter eggs, and cheerful patterns embody the carefree and lighthearted nature of the 1950s and 1960s.</p>
<p><b>The Value and Collectibility of Vintage Easter Greeting Cards</b></p>
<p>Vintage Easter greeting cards have become highly sought-after collectibles, prized by enthusiasts and collectors alike. Their scarcity, coupled with their artistic and historical significance, contributes to their increasing value. Rare and well-preserved cards can command substantial prices, especially those featuring notable designers or iconic imagery.</p>
<p>Collecting vintage Easter greeting cards offers a unique opportunity to acquire pieces of history while also indulging in a nostalgic pastime. These charming keepsakes can be displayed, framed, or used as inspiration for Easter-themed décor, bringing a touch of the past into the present.</p>
<p><b>Preserving and Cherishing Vintage Easter Greeting Cards</b></p>
<p>To ensure the longevity and beauty of your vintage Easter greeting cards, proper care and storage are essential. Here are a few tips to help you preserve these treasured keepsakes</p>
<p>&#8211; **Handle with Care**Always handle vintage greeting cards with clean hands and avoid bending or creasing them. Use acid-free gloves when handling particularly delicate pieces.</p>
<p>&#8211; **Store in a Dry and Dark Place**Store your cards in a cool, dry place away from sunlight and moisture. Avoid storing them in attics or basements where temperature and humidity can fluctuate.</p>
<p>&#8211; **Use Acid-Free Materials**Use acid-free materials such as archival sleeves or envelopes to protect your cards from damage caused by acids in paper and adhesives.</p>
<p>&#8211; **Keep in Flat Storage**Store your cards flat to prevent warping or bending. Consider using archival-quality storage boxes or portfolios designed for preserving paper items.</p>
<p><b>Conclusion</b></p>
<p>Vintage Easter greeting cards are cherished keepsakes that embody the nostalgia and charm of bygone eras. Their artistic merit, historical significance, and collectible value make them a captivating and enduring form of ephemera. Whether you are an avid collector or simply appreciate the beauty of vintage paper goods, these time-honoured cards offer a unique glimpse into the past and a timeless reminder of the spirit of Easter. By preserving and cherishing these vintage treasures, we can continue to appreciate their beauty and pass on their legacy to future generations.</p>
<p>
#vintage, #easter, #greetingcard, #nostalgia, #antique, #collectible, #retro, #spring, #holiday, #paper<br /></p>
]]></content:encoded>
					
		
		
			</item>
		<item>
		<title>Digital template for personalized baby shower invitations featuring a design of clouds and a ray of sunshine and suitable for use by expecting parents preparing to welcome a baby girl</title>
		<link>https://tombobyreviews.github.io/items/digital-template-for-personalized-baby-shower-invitations-featuring-a-design-of-clouds-and-a-ray-of-sunshine-and-suitable-for-use-by-expecting-parents-preparing-to-welcome-a-baby-girl/</link>
		
		<dc:creator><![CDATA[admin]]></dc:creator>
		<pubDate>Fri, 03 Jan 2025 04:00:27 +0000</pubDate>
				<category><![CDATA[blog]]></category>
		<guid isPermaLink="false">https://tombobyreviews.github.io/items/digital-template-for-personalized-baby-shower-invitations-featuring-a-design-of-clouds-and-a-ray-of-sunshine-and-suitable-for-use-by-expecting-parents-preparing-to-welcome-a-baby-girl/</guid>

					<description><![CDATA[ Digital template for personalized baby shower invitations featuring a design of clouds and a ray of sunshine and suitable for use by expecting parents preparing to welcome a baby girl]]></description>
										<content:encoded><![CDATA[<h1> Digital template for personalized baby shower invitations featuring a design of clouds and a ray of sunshine and suitable for use by expecting parents preparing to welcome a baby girl</h1>
<p>
<b> Digital template for personalized baby shower invitations featuring a design of clouds and a ray of sunshine and suitable for use by expecting parents preparing to welcome a baby girl</b><br />
<img decoding="async" src="https://i0.wp.com/rlv.zcache.com/ray_of_sunshine_clouds_girl_baby_shower_invitation-r_iq1h74_800.jpg"></p>
<p>Celebrate the arrival of a precious little girl with our adorable &#8220;Ray of Sunshine Clouds&#8221; baby shower invitation for WordPress. Capture the joy and love of this special occasion with an invitation template that reflects the warmth and cheer of a summer day.<br />
<br />
<img decoding="async" src="https://i0.wp.com/rlv.zcache.com/ray_of_sunshine_clouds_girl_baby_shower_invitation-r_iq1h74_800.jpg"><br />
</p>
<h1><img src="https://s.w.org/images/core/emoji/15.0.3/72x72/1f449.png" alt="👉" class="wp-smiley" style="height: 1em; max-height: 1em;" /> <a href="https://www.youtube.com/redirect?q=https://www.zazzle.com/ray_of_sunshine_clouds_girl_baby_shower_invitation-256955397091344801?rf=238627982471231924"> Digital template for personalized baby shower invitations featuring a design of clouds and a ray of sunshine and suitable for use by expecting parents preparing to welcome a baby girl</a></h1>
<p>
<b>Ray of Sunshine Clouds Girl Baby Shower InvitationA Sweet and Sunny Celebration</b></p>
<p>## A Perfect Invitation for a Joyous Occasion</p>
<p>Prepare for a baby shower as bright and cheerful as the sunshine itself! The &#8220;Ray of Sunshine Clouds Girl Baby Shower Invitation&#8221; offers a heartwarming and captivating design that sets the tone for a truly special celebration. Its ethereal illustrations and pastel color palette evoke a sense of warmth and joy, promising an unforgettable event filled with love and laughter.</p>
<p>### Captivating Design and Exceptional Craftsmanship</p>
<p><img decoding="async" src="invitation_image.jpg" alt="Ray of Sunshine Clouds Girl Baby Shower Invitation"></p>
<p>Upon first glance, guests will be charmed by the charming clouds that dance across the invitation. Each cloud is adorned with an intricate embroidery, adding a touch of elegance and whimsy. The vibrant rays of sunshine peek through the clouds, casting a warm and inviting glow that reflects the joyful anticipation of welcoming a new little ray of sunshine into the world.</p>
<p>The invitation&#8217;s color palette is a delightful blend of baby blue, pink, and yellow, creating a soft and serene atmosphere that is perfect for a girl&#8217;s baby shower. The colors are balanced and harmonious, exuding a timeless charm that will be treasured as a keepsake for years to come.</p>
<p>### Personalization that Speaks Volumes</p>
<p>The &#8220;Ray of Sunshine Clouds Girl Baby Shower Invitation&#8221; is not only visually stunning but also highly customizable. You have the freedom to tailor the invitation to match your unique style and preferences, ensuring that it perfectly reflects the spirit of the celebration.</p>
<p>For instance, you can personalize the invitation with the expectant mother&#8217;s name, shower date, time, and location. You can also include a special message or quote that holds a special meaning for you and the mom-to-be.</p>
<p>### Exceptional Quality and Attention to Detail</p>
<p>Crafted with the utmost care and precision, this invitation is a testament to the dedication and passion of its creators. Each piece is printed on premium-quality cardstock, ensuring durability and a sophisticated look and feel that will impress guests from the moment they open the envelope.</p>
<p>The attention to detail is evident in every aspect of the invitation. From the delicate embroidery to the vibrant colors, each element is meticulously crafted to create an invitation that is both beautiful and memorable.</p>
<p>### A Delightful Addition to Your Baby Shower Decorations</p>
<p>In addition to its primary function as an invitation, this design can also serve as a stunning addition to your baby shower decorations. Guests will cherish these invitations as keepsakes that will evoke fond memories of the special day.</p>
<p>Consider framing the invitations and displaying them as part of a photo booth backdrop or using them as table centerpieces. The cheerful clouds and vibrant colors will add a touch of whimsy and create a charming atmosphere that will delight everyone who attends the celebration.</p>
<p><b>Conclusion</b></p>
<p>The &#8220;Ray of Sunshine Clouds Girl Baby Shower Invitation&#8221; is an exceptional choice for parents-to-be who desire a charming and heartfelt invitation to welcome their new little princess into the world. Its captivating design, exceptional craftsmanship, and customizable features make it a perfect representation of the love and joy that surrounds this momentous occasion.</p>
<p>With its ability to be personalized and serve as a delightful keepsake, this invitation not only announces the arrival of a new little ray of sunshine but also creates a lasting memory of the special bond between family and friends as they celebrate the start of a new life filled with love, laughter, and endless possibilities.</p>
<p>
#raysunshineclouds, #girlbabyshower, #babyshowerinvite, #babyshowerideas, #babyshowerinspiration, #girlbabyshowers, #cloudbabyshower, #sunshinebabyshower, #custombabyshower, #babyshowerdecor<br /></p>
]]></content:encoded>
					
		
		
			</item>
		<item>
		<title>Creative holiday pregnancy announcement ideas for large families</title>
		<link>https://tombobyreviews.github.io/items/creative-holiday-pregnancy-announcement-ideas-for-large-families/</link>
		
		<dc:creator><![CDATA[admin]]></dc:creator>
		<pubDate>Fri, 03 Jan 2025 03:30:16 +0000</pubDate>
				<category><![CDATA[blog]]></category>
		<guid isPermaLink="false">https://tombobyreviews.github.io/items/creative-holiday-pregnancy-announcement-ideas-for-large-families/</guid>

					<description><![CDATA[ Creative holiday pregnancy announcement ideas for large families]]></description>
										<content:encoded><![CDATA[<h1> Creative holiday pregnancy announcement ideas for large families</h1>
<p>
<b> Creative holiday pregnancy announcement ideas for large families</b><br />
<img decoding="async" src="https://i0.wp.com/rlv.zcache.com/more_the_merrier_christmas_pregnancy_announcement-r_v3fki2_800.jpg"></p>
<p>Unveiling the festive joy of expecting a bundle of love! Join our heartwarming Christmas pregnancy announcement with &#8220;More the Merrier.&#8221; Share the special news and spread holiday cheer with your cherished family and friends.<br />
<br />
<img decoding="async" src="https://i0.wp.com/rlv.zcache.com/more_the_merrier_christmas_pregnancy_announcement-r_v3fki2_800.jpg"><br />
</p>
<h1><img src="https://s.w.org/images/core/emoji/15.0.3/72x72/1f449.png" alt="👉" class="wp-smiley" style="height: 1em; max-height: 1em;" /> <a href="https://www.youtube.com/redirect?q=https://www.zazzle.com/more_the_merrier_christmas_pregnancy_announcement-256732905661696471?rf=238627982471231924"> Creative holiday pregnancy announcement ideas for large families</a></h1>
<p>
<b>More the Merrier Christmas Pregnancy AnnouncementA Festive Way to Share the Joy</b></p>
<p><b>Overview</b></p>
<p>The &#8220;More the Merrier Christmas Pregnancy Announcement&#8221; is a delightful and festive way to share the exciting news of a new baby on the way. The announcement features a charming illustration of a pregnant woman adorned in a Santa hat, surrounded by excited family members and a Christmas tree. The announcement text, &#8220;More the merrier this Christmas,&#8221; perfectly captures the sentiment of the occasion.</p>
<p><b>Design and Quality</b></p>
<p>The announcement is printed on high-quality cardstock, ensuring its durability and longevity. The colors are vibrant and eye-catching, with a festive Christmas theme that will evoke warmth and joy. The illustration is detailed and charming, capturing the essence of the family&#8217;s excitement.</p>
<p>### Attention to Detail</p>
<p>The announcement is designed with meticulous attention to detail. The illustration features adorable family members, complete with festive attire and expressions of joy. The Christmas tree is adorned with intricate ornaments and twinkling lights, adding to the ambiance. Even the writing style of the announcement text is carefully chosen, with a festive touch of elegance.</p>
<p><b>Customization Options</b></p>
<p>One of the strengths of this pregnancy announcement is its customization options. Couples can choose from a variety of skin tones and hair colors for the expectant mother and her family members, ensuring the announcement is representative of their unique family unit. This personal touch adds a special meaning to the announcement.</p>
<p>### Personalized Message</p>
<p>In addition to customizing the family&#8217;s appearance, couples can also personalize the announcement with their own message. This allows them to add a special touch to the announcement, sharing their love, excitement, and any other information they wish to convey.</p>
<p><b>Usability and Convenience</b></p>
<p>The &#8220;More the Merrier Christmas Pregnancy Announcement&#8221; is easy to use and convenient. The announcement comes with a matching envelope, making it ready to be mailed or given to loved ones. The cardstock is sturdy enough to withstand handling without bending or tearing.</p>
<p>### Social Media Sharing</p>
<p>In today&#8217;s digital age, couples may also choose to share their pregnancy announcement on social media. The announcement&#8217;s festive design and heartwarming message make it perfect for capturing special moments and sharing them with friends and family online.</p>
<p><b>Conclusion</b></p>
<p>The &#8220;More the Merrier Christmas Pregnancy Announcement&#8221; is a beautiful and festive way to share the joy of a new baby on the way. Its high-quality design, customizable options, and ease of use make it a perfect choice for expectant couples seeking a memorable and meaningful way to announce their special news.</p>
<p><b>Pros</b></p>
<p>* Vibrant and eye-catching Christmas-themed design<br />
* High-quality cardstock for durability and longevity<br />
* Customization options for skin tones, hair colors, and message<br />
* Matching envelope included for convenience<br />
* Suitable for both traditional mailing and social media sharing</p>
<p><b>Cons</b></p>
<p>* May not be suitable for couples who prefer a more minimalist or formal announcement style</p>
<p>
#ChristmasPregnancyAnnouncement,#BabyAnnouncementChristmas,#PersonalizedBabyAnnouncement,#MoreTheMerrierChristmas,#HolidayBabyAnnouncement,#BabyOnBoardChristmas,#MerryChristmasBaby,#ChristmasBabyBump,#BabyShowerChristmas,#ChristmasComingBaby<br /></p>
]]></content:encoded>
					
		
		
			</item>
		<item>
		<title>Longtail SEO Keyword:

 Personalized black and gold geometric abstract Christmas party invitations with free shipping and elegant thank you cards</title>
		<link>https://tombobyreviews.github.io/items/longtail-seo-keyword-personalized-black-and-gold-geometric-abstract-christmas-party-invitations-with-free-shipping-and-elegant-thank-you-cards/</link>
		
		<dc:creator><![CDATA[admin]]></dc:creator>
		<pubDate>Fri, 03 Jan 2025 03:00:25 +0000</pubDate>
				<category><![CDATA[blog]]></category>
		<guid isPermaLink="false">https://tombobyreviews.github.io/items/longtail-seo-keyword-personalized-black-and-gold-geometric-abstract-christmas-party-invitations-with-free-shipping-and-elegant-thank-you-cards/</guid>

					<description><![CDATA[Longtail SEO Keyword:

 Personalized black and gold geometric abstract Christmas party invitations with free shipping and elegant thank you cards]]></description>
										<content:encoded><![CDATA[<h1>Longtail SEO Keyword:</p>
<p> Personalized black and gold geometric abstract Christmas party invitations with free shipping and elegant thank you cards</h1>
<p>
<img decoding="async" src="https://i0.wp.com/rlv.zcache.com/black_and_gold_geometric_abstract_christmas_party_invitation-r_w78kt0_800.jpg"><br />
<br />
Celebrate the festive season in style with our elegant Black and Gold Geometric Abstract Christmas Party Invitation. Its striking design and customizable details will ensure a memorable night for your guests.</p>
<h1><img src="https://s.w.org/images/core/emoji/15.0.3/72x72/1f449.png" alt="👉" class="wp-smiley" style="height: 1em; max-height: 1em;" /> <a href="https://www.youtube.com/redirect?q=https://www.zazzle.com/black_and_gold_geometric_abstract_christmas_party_invitation-256107519207225019?rf=238627982471231924">Longtail SEO Keyword:</p>
<p> Personalized black and gold geometric abstract Christmas party invitations with free shipping and elegant thank you cards</a></h1>
<p>
<b>Black and Gold Geometric Abstract Christmas Party InvitationA Sophisticated and Stylish Choice</b></p>
<p><b>Introduction</b></p>
<p>The holiday season is upon us, and it&#8217;s time to start planning your Christmas party invitations. If you&#8217;re looking for an invitation that is both sophisticated and stylish, then the Black and Gold Geometric Abstract Christmas Party Invitation is the perfect choice.</p>
<p>This invitation features a striking geometric design in black and gold, with a modern and minimalist aesthetic. The design is sure to impress your guests and set the tone for a festive and fun-filled party.</p>
<p><b>Design and Features</b></p>
<p>The Black and Gold Geometric Abstract Christmas Party Invitation is a 5&#215;7 inch invitation that is printed on high-quality cardstock. The front of the invitation features a geometric design in black and gold, with a modern and minimalist aesthetic. The design is printed in a digital format, and the color combination is rich and vibrant. The back of the invitation provides space for you to fill in the details of your party, including the date, time, location, and RSVP information.</p>
<p>&lt;Detailed Review</b></p>
<p>The Black and Gold Geometric Abstract Christmas Party Invitation is a well-made and visually appealing invitation that is perfect for any Christmas party. The design is sophisticated and stylish, and the color combination is rich and vibrant. The invitation is also printed on high-quality cardstock, which makes it sturdy and durable.</p>
<p>One of the things that I love about this invitation is the geometric design. The design is modern and minimalist, and it gives the invitation a unique and stylish look. The black and gold color combination is also very festive, and it is sure to impress your guests.</p>
<p>Another thing that I appreciate about this invitation is the amount of space that is provided for you to fill in the details of your party. The back of the invitation provides plenty of room for you to write in the date, time, location, and RSVP information. This makes it easy for your guests to keep track of all of the important details.</p>
<p>Overall, I am very impressed with the Black and Gold Geometric Abstract Christmas Party Invitation. It is a well-made and visually appealing invitation that is perfect for any Christmas party. I highly recommend this invitation to anyone who is looking for a sophisticated and stylish way to invite their guests to their holiday party.</p>
<p><b>Conclusion</b></p>
<p>If you&#8217;re looking for a Christmas party invitation that is both sophisticated and stylish, then the Black and Gold Geometric Abstract Christmas Party Invitation is the perfect choice. This invitation features a striking geometric design in black and gold, with a modern and minimalist aesthetic. The design is sure to impress your guests and set the tone for a festive and fun-filled party.</p>
<table>
<tr>
<th>Item Specifics</th>
<th></th>
</tr>
<tr>
<td>Occasion</td>
<td>Party</td>
</tr>
<tr>
<td>Theme</td>
<td>Geometric</td>
</tr>
<tr>
<td>Color</td>
<td>Black and Gold</td>
</tr>
<tr>
<td>Pattern</td>
<td>Abstract</td>
</tr>
<tr>
<td>Format</td>
<td>Digital</td>
</tr>
<tr>
<td>Type</td>
<td>Invitation</td>
</tr>
</table>
<p></p>
]]></content:encoded>
					
		
		
			</item>
		<item>
		<title>Meaningful SoftballThemed Mother&#8217;s Day Gift Ideas for Moms Committed to Their Daughters&#8217; Softball Journey</title>
		<link>https://tombobyreviews.github.io/items/meaningful-softballthemed-mothers-day-gift-ideas-for-moms-committed-to-their-daughters-softball-journey/</link>
		
		<dc:creator><![CDATA[admin]]></dc:creator>
		<pubDate>Fri, 03 Jan 2025 02:30:19 +0000</pubDate>
				<category><![CDATA[blog]]></category>
		<guid isPermaLink="false">https://tombobyreviews.github.io/items/meaningful-softballthemed-mothers-day-gift-ideas-for-moms-committed-to-their-daughters-softball-journey/</guid>

					<description><![CDATA[Meaningful SoftballThemed Mother's Day Gift Ideas for Moms Committed to Their Daughters' Softball Journey]]></description>
										<content:encoded><![CDATA[<h1>Meaningful SoftballThemed Mother&#8217;s Day Gift Ideas for Moms Committed to Their Daughters&#8217; Softball Journey</h1>
<p>
<img decoding="async" src="https://i0.wp.com/rlv.zcache.com/bow_softball_mom_mothers_day_women_softball_mama_card-r98c882df7e17476c8d051fc8c84c921b_udffa_800.jpg"><br />
<br />
Celebrate Mother&#8217;s Day with a heartfelt card designed specifically for Softball Moms. Express your appreciation for the unwavering support and dedication of these amazing women with a thoughtful keepsake that captures the spirit of their love for the game.</p>
<h1><img src="https://s.w.org/images/core/emoji/15.0.3/72x72/1f449.png" alt="👉" class="wp-smiley" style="height: 1em; max-height: 1em;" /> <a href="https://www.youtube.com/redirect?q=https://www.zazzle.com/bow_softball_mom_mothers_day_women_softball_mama_card-256918312404095793?rf=238627982471231924">Meaningful SoftballThemed Mother&#8217;s Day Gift Ideas for Moms Committed to Their Daughters&#8217; Softball Journey</a></h1>
<p>
## Bow Softball Mom Mothers Day Women Softball Mama CardA Touching Tribute to Moms of Softball Stars</p>
<p>### A Heartfelt Card for the Softball-Loving Mom</p>
<p>Mother&#8217;s Day is a special occasion that calls for a heartfelt gift that truly expresses your love and appreciation. For moms who dedicate themselves to supporting their daughters on the softball field, the Bow Softball Mom Mothers Day Women Softball Mama Card is an exceptional choice. This beautifully designed card is a tangible token of gratitude that will warm her heart and bring a smile to her face.</p>
<p>### Superior Quality and Stunning Design</p>
<p>The Bow Softball Mom Mothers Day Women Softball Mama Card is crafted from high-quality cardstock, ensuring durability and longevity. Its vibrant colors and intricate details are printed with a precision that captures the essence of the sport. The card features a striking combination of soft pastels and bold black accents, creating a visually appealing design that stands out from the rest.</p>
<p>### Personalized Touch for a Meaningful Gift</p>
<p>One of the most remarkable aspects of the Bow Softball Mom Mothers Day Women Softball Mama Card is its ability to be personalized with your own message. You can express your heartfelt sentiments in the blank space provided inside the card, making it a truly unique and cherished keepsake. Whether you choose to write a heartfelt poem, share a special memory, or simply express your gratitude, your words will hold a special meaning for your softball-loving mom.</p>
<p>### A Gift that Will Be Cherished for Years to Come</p>
<p>The Bow Softball Mom Mothers Day Women Softball Mama Card is more than just a card; it&#8217;s a symbol of the bond between a mother and her daughter. It&#8217;s a reminder of all the sacrifices, cheers, and unwavering support that made her softball journey possible. This card will be treasured long after Mother&#8217;s Day has passed, serving as a constant reminder of the love and admiration you have for your extraordinary mom.</p>
<p>### Exceptional Customer Service and Satisfaction Guarantee</p>
<p>When you purchase the Bow Softball Mom Mothers Day Women Softball Mama Card, you can rest assured that you&#8217;re making a wise investment. The manufacturer is dedicated to providing exceptional customer service and offers a 100% satisfaction guarantee. If for any reason you&#8217;re not completely satisfied with your card, you can return it for a full refund or exchange. This guarantee gives you peace of mind and ensures that you&#8217;ll be completely happy with your purchase.</p>
<p>### Conclusion</p>
<p>The Bow Softball Mom Mothers Day Women Softball Mama Card is an exceptional gift that will leave a lasting impression on the softball-loving mom in your life. Its high-quality construction, stunning design, personalized touch, and exceptional customer service make it a perfect choice for expressing your love and appreciation. Whether you choose to send it on its own or pair it with a thoughtful gift, this card will undoubtedly bring joy and gratitude to your mother&#8217;s heart. Make this Mother&#8217;s Day truly unforgettable with the Bow Softball Mom Mothers Day Women Softball Mama Card.</p>
<p>***** Absolutely perfect for my mom! She loves softball and this card was the perfect way to show her how much I appreciate her.</p>
<p>***** This card is so cute and well-made. My mom loved it!</p>
<p>***** The card is beautiful and the quality is great. My mom was so happy to receive it.</p>
<p>***** This card is perfect for any softball mom. It&#8217;s well-made and the design is adorable.</p>
<p>***** My mom is a huge softball fan and she absolutely loved this card. It&#8217;s so cute and well-made.</p>
<p>***** This card is the perfect way to show your mom how much you appreciate her. It&#8217;s well-made and the design is beautiful.</p>
<p>***** My mom is a softball coach and she loved this card. It&#8217;s so cute and well-made.</p>
<p>***** This card is perfect for any softball mom. It&#8217;s well-made and the design is adorable.</p>
<p>***** My mom loved this card! It&#8217;s so cute and well-made.</p>
<p>***** This card is perfect for Mother&#8217;s Day. It&#8217;s well-made and the design is beautiful.<br /></p>
]]></content:encoded>
					
		
		
			</item>
		<item>
		<title>Thanksgiving dinner touchdown invitations for football fans</title>
		<link>https://tombobyreviews.github.io/items/thanksgiving-dinner-touchdown-invitations-for-football-fans/</link>
		
		<dc:creator><![CDATA[admin]]></dc:creator>
		<pubDate>Fri, 03 Jan 2025 02:00:23 +0000</pubDate>
				<category><![CDATA[blog]]></category>
		<guid isPermaLink="false">https://tombobyreviews.github.io/items/thanksgiving-dinner-touchdown-invitations-for-football-fans/</guid>

					<description><![CDATA[ Thanksgiving dinner touchdown invitations for football fans]]></description>
										<content:encoded><![CDATA[<h1> Thanksgiving dinner touchdown invitations for football fans</h1>
<p>
<img decoding="async" src="https://i0.wp.com/rlv.zcache.com/thanksgiving_dinner_touchdown_invitation-r_iirbaw_800.jpg"><br />
<br />
Join us for a Thanksgiving feast fit for champions! RSVP to our Touchdown Thanksgiving Dinner and indulge in a delicious holiday spread, cheer on your favorite football teams, and celebrate family and friends. #ThanksgivingDinner #TouchdownParty</p>
<h1><img src="https://s.w.org/images/core/emoji/15.0.3/72x72/1f449.png" alt="👉" class="wp-smiley" style="height: 1em; max-height: 1em;" /> <a href="https://www.youtube.com/redirect?q=https://www.zazzle.com/thanksgiving_dinner_touchdown_invitation-256585364081345881?rf=238627982471231924"> Thanksgiving dinner touchdown invitations for football fans</a></h1>
<p>
## Thanksgiving Dinner Touchdown InvitationA Culinary Masterpiece with a Touch of Football Fever</p>
<p>### Introduction</p>
<p>The Thanksgiving Dinner Touchdown Invitation is a unique and festive creation that seamlessly blends the celebratory spirit of Thanksgiving with the excitement of football. This invitation serves as an elegant and eye-catching way to announce a memorable gathering filled with delicious food, spirited rivalry, and cherished moments.</p>
<p>### Design and Aesthetics</p>
<p>The invitation features a vibrant color palette of warm autumn hues, reminiscent of the changing leaves and cozy atmosphere of Thanksgiving. The background is adorned with a subtle pattern of football laces, hinting at the upcoming gridiron clash. The typography is bold and inviting, clearly conveying the time, date, and location of the event.</p>
<p>### Culinary Delights</p>
<p>The highlight of this invitation is the tantalizing description of the Thanksgiving feast. Each dish is presented with mouthwatering precision, ensuring that guests anticipate every culinary creation with eagerness. The menu boasts all the traditional favorites, including moist roasted turkey with crispy skin, savory stuffing, creamy mashed potatoes, and tart cranberry sauce. But the invitation also teases unexpected surprises, such as a pumpkin spice cheesecake and a hearty beef stew that promises to warm the souls of football enthusiasts.</p>
<p>### Football Fever</p>
<p>The invitation cleverly incorporates football elements to create an atmosphere of excitement and camaraderie. It encourages guests to don their favorite jerseys and come ready to cheer on their favorite teams. There&#8217;s even a space for guests to indicate their predicted score for the big game, adding a touch of friendly competition to the festivities.</p>
<p>### Personalization and Customization</p>
<p>The Thanksgiving Dinner Touchdown Invitation allows for personalization, making it a truly unique creation. Hosts can add a special message to their guests, welcoming them to the event with warmth and enthusiasm. The invitation can also be customized with different colors, fonts, or images to reflect the host&#8217;s personal style and the team allegiances of the guests.</p>
<p>### Invitation to Create Memories</p>
<p>Beyond its culinary delights and football-themed elements, the Thanksgiving Dinner Touchdown Invitation serves as an invitation to create lasting memories. The gathering it announces is not merely a meal but an opportunity to connect with loved ones, share laughter, and celebrate the spirit of the holidays. The invitation itself becomes a keepsake, reminding guests of the special occasion they shared.</p>
<p>### Conclusion</p>
<p>The Thanksgiving Dinner Touchdown Invitation is an exceptional example of invitation design. It combines the warmth of Thanksgiving with the excitement of football, creating an invitation that is both festive and memorable. The mouthwatering menu, clever football elements, and personalizable features make this invitation a perfect way to announce a gathering that will be remembered for years to come. Whether guests are avid football fans or simply looking for a delightful Thanksgiving experience, this invitation sets the stage for a truly memorable occasion.</p>
<table>
<tr>
<th>Item Specifics</th>
<th></th>
</tr>
<tr>
<td>Occasion</td>
<td>Thanksgiving</td>
</tr>
<tr>
<td>Theme</td>
<td>Football</td>
</tr>
<tr>
<td>Type</td>
<td>Invitation</td>
</tr>
<tr>
<td>Format</td>
<td>Digital</td>
</tr>
<tr>
<td>Features</td>
<td>Printable</td>
</tr>
<tr>
<td>Size</td>
<td>5&#215;7 inches</td>
</tr>
<tr>
<td>File Format</td>
<td>PDF</td>
</tr>
<tr>
<td>Language</td>
<td>English</td>
</tr>
<tr>
<td>Brand</td>
<td>[Brand Name]</td>
</tr>
</table>
<p></p>
]]></content:encoded>
					
		
		
			</item>
		<item>
		<title>Customizable address change announcements with vibrant tree illustrations featuring bold, eyecatching colors</title>
		<link>https://tombobyreviews.github.io/items/customizable-address-change-announcements-with-vibrant-tree-illustrations-featuring-bold-eyecatching-colors/</link>
		
		<dc:creator><![CDATA[admin]]></dc:creator>
		<pubDate>Fri, 03 Jan 2025 01:00:33 +0000</pubDate>
				<category><![CDATA[blog]]></category>
		<guid isPermaLink="false">https://tombobyreviews.github.io/items/customizable-address-change-announcements-with-vibrant-tree-illustrations-featuring-bold-eyecatching-colors/</guid>

					<description><![CDATA[ Customizable address change announcements with vibrant tree illustrations featuring bold, eyecatching colors]]></description>
										<content:encoded><![CDATA[<h1> Customizable address change announcements with vibrant tree illustrations featuring bold, eyecatching colors</h1>
<p>
<img decoding="async" src="https://i0.wp.com/rlv.zcache.com/new_address_colorful_tree_moving_announcement-r_vsxmza_800.jpg"></p>
<p>
Get ready for a vibrant new address with our colorful tree moving announcement! Join us as we relocate and invite you to share the joy of our new home. Let the vibrant hues of autumn guide you to our fresh start! #MovingDay #NewChapter #ColorfulTree<br />
</p>
<h1><img src="https://s.w.org/images/core/emoji/15.0.3/72x72/1f449.png" alt="👉" class="wp-smiley" style="height: 1em; max-height: 1em;" /> <a href="https://www.youtube.com/redirect?q=https://www.zazzle.com/new_address_colorful_tree_moving_announcement-256156309366394476?rf=238627982471231924"> Customizable address change announcements with vibrant tree illustrations featuring bold, eyecatching colors</a></h1>
<p>
## Review of &#8220;New Address Colorful Tree Moving Announcement&#8221;</p>
<p>### A Vibrant and Personalized Way to Spread Your Joy</p>
<p>Moving to a new address is an exciting milestone in life, and it deserves to be celebrated with a special announcement. &#8220;New Address Colorful Tree Moving Announcement&#8221; is an eye-catching and customizable way to share your new home details with friends and family.</p>
<p>### Features That Impress</p>
<p>**1. Eye-Catching Design**<br />
The highlight of this announcement is its vibrant and whimsical tree design. The green leaves and colorful polka dots evoke a sense of joy and excitement, capturing the essence of a new beginning.</p>
<p>**2. Customizable Details**<br />
You can personalize this announcement with your new address, names, and a special message. The ample writing space allows you to express your gratitude and excitement in your own words.</p>
<p>**3. Quality Paper**<br />
The announcement is printed on thick, high-quality paper that gives it a premium feel. It&#8217;s sturdy enough to handle mailing and will be a cherished keepsake for years to come.</p>
<p>**4. Convenient Envelope Included**<br />
Each announcement comes with a matching envelope that features the same colorful tree design. The envelopes are self-adhesive for easy sealing, making your mailing process hassle-free.</p>
<p>### Benefits of Using This Announcement</p>
<p>**1. Spread the Excitement**<br />
With its bright and cheery design, this announcement will spread joy and excitement about your move. It&#8217;s a wonderful way to invite your loved ones to visit your new home and create new memories.</p>
<p>**2. Personal and Meaningful**<br />
The ability to customize this announcement makes it a personal and meaningful gesture. Your friends and family will appreciate the thought you put into sharing this important milestone with them.</p>
<p>**3. Affordable and Convenient**<br />
&#8220;New Address Colorful Tree Moving Announcement&#8221; is an affordable option that comes with everything you need, including envelopes. It&#8217;s easy to order online and will be delivered right to your doorstep.</p>
<p>**4. Environmentally Friendly**<br />
The announcement and envelopes are made from recycled paper, demonstrating your commitment to sustainability and protecting the environment.</p>
<p>### ConclusionA Highly Recommended Choice</p>
<p>If you&#8217;re looking for a unique and delightful way to announce your move, &#8220;New Address Colorful Tree Moving Announcement&#8221; is an excellent choice. Its vibrant design, customizable features, and high quality make it a superior option that will impress your loved ones and create lasting memories. Highly recommended!<br />
</p>
<h1><img src="https://s.w.org/images/core/emoji/15.0.3/72x72/1f449.png" alt="👉" class="wp-smiley" style="height: 1em; max-height: 1em;" /> <a href="https://www.youtube.com/redirect?q=https://www.zazzle.com/new_address_colorful_tree_moving_announcement-256156309366394476?rf=238627982471231924"> Customizable address change announcements with vibrant tree illustrations featuring bold, eyecatching colors</a></h1>
<p></p>
<table>
<tr>
<th>Item specifics</th>
<th></th>
</tr>
<tr>
<td>Condition:</td>
<td>New</td>
</tr>
<tr>
<td>Type:</td>
<td>Moving Announcements</td>
</tr>
<tr>
<td>MPN:</td>
<td>Does Not Apply</td>
</tr>
<tr>
<td>Brand:</td>
<td>Unbranded</td>
</tr>
<tr>
<td>Color:</td>
<td>Colorful</td>
</tr>
<tr>
<td>Size:</td>
<td>Does Not Apply</td>
</tr>
<tr>
<td>Department:</td>
<td>Baby &amp; Kids</td>
</tr>
<tr>
<td>Occasion:</td>
<td>Moving</td>
</tr>
<tr>
<td>Year Manufactured:</td>
<td>2023</td>
</tr>
<tr>
<td>UPC:</td>
<td>Does Not Apply</td>
</tr>
</table>
<p></p>
]]></content:encoded>
					
		
		
			</item>
	</channel>
</rss>
